k.hu,5.0,我的新电子书阅读器,2018年1月12日,性能良好，反应灵敏，外形美观。唯一需要提醒的或许是：如果不选用飞行模式，由于网络不断在搜索和更新，电池储量耗费迅速。所以在不使用的时候，建议关闭无线网络（启用飞行模式），可以大大减少耗电量。
t-mac4869,3.0,新买的kindle容量为什么只有2666MB,2017年6月11日,新入手的kindle，查看容量大小只有2666MB，能给我解释下为什么和宣传的4GB相差这么多么？这些容量都消耗在什么地方了，求一个解释
疾风骤雨,1.0,赠送的电子书券呢？为什么没有了,2018年6月21日,我鄙视亚马逊，我今天查询赠送的电子书赠券，我找不到，我想起我更早前买KINDLE时的电子书赠券也没给我，难道我被黑了还是被忽悠了？
爱看书的丫头,4.0,很喜欢，但是也有一些小问题,2017年12月13日, 轻巧，手感真的特别好，只是翻页的时候有点重影，有时候还有黑屏，不知道怎么回事~是通常说的闪屏么？第一次买，挺喜欢的~电源适配器还要单买有点不人性化！还有，首页总是有广告，怎么才能去掉！这样体验不是很好。
Jane,5.0,499→paperwhite,2017年12月5日,从2014年入手499的小白到今天的paperwhite，也算是kindle的忠实粉丝了。因为对阅读体验有了新的要求，选择带内置灯的paperwhite。平淡无奇仅供阅读，给人以平静舒畅之感。如果你是热爱阅读之人，kindle会是你不悔的选择。至于选择哪一版本，取决于个人追求，有钱买oasis当然更好，囊中羞涩的退而求其次也未尝不可。
飘来飘去,1.0,傲慢无礼的客服,2018年8月20日,这个差评是给傲慢的客服人员的。觉得自己理亏了就挂电话了。太气人了。不想着解决问题，这也不行那也不行的，一味的踢皮球。店大欺客。你们的系统设置有问题，所有的不方便都得顾客承担，霸权主义。
Cindy,5.0,Prime会员还没有送,2017年7月14日,7.11Prime会员日买的，优惠送一年Prime会员，还没有送到账户，什么时候Prime会员送到？咨询了客服，在z.cn/km页面输入设备DSN号，自己领就可以了。
亚马逊买家,1.0,最差的一次购物体验,2018年9月22日,有史以来最差的一次购物体验，因为商品到货时间推迟，因此我到现在仍然没有看到产品，不知道实物状况如何，从发现发货状态异常，我就多次致电亚马逊客服，每个客服都承诺帮我核实并反馈发货信息，但是自始至终我都没有收到过来自客服的任何反馈。系统显示的到货时间总是在最后一天拖延，连续拖延了两次。不过是什么原因，亚马逊的客户服务都让我极其不满，这应该是我最后一次在亚马逊上购物，希望这次寄到的产品没有问题，因为我要一个月后才能看到产品，如果到时发现产品有问题的话，那么这次购物可以说就是非常失败了。
xiaoyu,1.0,买的时候说赠送900多元的电子券收到了但是没法使用,2017年12月25日,买的时候说赠送900多元的电子券没有收到，后来补发给我了。但是我没办法用这个券去购买图书。在给定的书籍里面还是需要去购买才能得到，并没有直接让我下载。
沧桑,5.0,价格贵容易死机,2017年11月14日,刚到只有一半电量，马上开始设置，弄了5-6个小时还有1格电，但死机了两次，屏膜没反应，强制按开关键40秒后重启才行。
老树,5.0,很好,2018年6月16日,之前买了两个入门版，其中一个因闪屏严重退货了，随后又买了一个金典版。贵几百块钱的效果还是很现实的，屏幕显示细腻程度，满电续航时间都不是一个级别。之前的入门版充满电，少用网络的情况下，每天两小时左右，最多只能用10天。而经典版到手后当天充满电，然后几乎没关过网络，阅读灯开一半，每天两到三小时阅读，今天是第十天，仍然显示约30%电量。当然不敢用到完全没电才充，据说会对机子不好。
我爱哈迪斯,3.0,用了两年就死机充不上电。,2018年9月26日,我2016年3月买的经典版，但是2018年8月，已经出现第一次死机，充不了电的情况了。不可能修，找了百度，知乎，按着土办法来，果然重启了，在这之后虽然没有变砖头，但之后基本不能用插座电源充电，只能用充电宝或电脑充电，而且缓慢，十分小心，中途不要碰到接头或突然冲不进去。以及有时候还是死机，重启办法就是一直按着重启键。好了，我想说快一千块钱的东西也就用了两年，太不合算了。
echo,5.0,意料之外的惊喜,2018年5月25日,利用Kindle，重拾旧日读英文原版的喜悦和满足，1007含保护套，价格中规中矩。关键是，喜欢读书，尤其是喜欢都英语原版的人，值得入手。没有体验过558的，但是觉得背景灯是比较必要的，白天背景灯开到14-15，眼睛比较舒服，我不太习惯床上看书，脖子会疼，所以很少在熄灯后看书。另外，对于英文学习者来说，点击Kindle上的单词，可以有中文解释（有音标的哦），非常赞。但是遇到生僻的，或者是词性有变化的，建议还是配备一部电子词典在身边（比如我就是结合Casio的在用）。由于买的保护套没有支架，拿在手上久了会感觉中，还是建议放在桌子上看。或者淘个支架配上。总体来讲，喜欢读书的人，又不习惯常跑图书馆的，可以入手一本。你会发现远离了手机干扰，阅读环境瞬间变清静多了。关键是，即便是知乎，也是碎片知识，像某读者说的，在知乎上学不到系统的会计、HR等知识，充其量只是在评论中过一把自娱自乐的瘾而已。学习还是要回归书本。Kindle 推荐的书不错的，但是找书也是要花时间的。Kindle的书有时候不必纸质书便宜，我觉得可以理解，因为版权问题，作者写作也是呕心沥血的对不对？而且，有心的读者会选书，可以看样章，有些书也是包月也是可以免费借阅的。这样算起来也还是可以接受的。最后，如果可以看纸质书，不嫌重，还是纸质书比较好，毕竟Kindle真心不可以100%取代纸质书。谢谢！
亚马逊买家,1.0,质量有问题，很不满意,2017年2月23日,充电五个小时只能充满一半，继续充一晚上充到90%，充电灯仍然为黄色。因为平时用得少，第一次充电已超过购买日30天，售后说可能就是指示灯的问题，要么自己将就着用，要么换台翻新机。呵呵呵。。。。。。换台翻新机。。。。。。。。。。。。
minineco,1.0,刚买就出新的，心塞,2018年10月20日,一星送给营销策略。等半天没上新，忍不住下手买了这款。然后.......刚买了没几天就360度推送通知出了新机，防水、轻了，关键价格还跟这旧款的一样？！一样？！还送券？！......心塞！！！几个意思？？！！这样的营销有考虑过客户感受吗？再见！！！不约！！！
有莉嘉,5.0,翻页闪黑，关闭页面刷新,2018年9月10日,今天我在亚马逊官网买的kindle paperwhite到货了，但是有些乌龙~~一开始发现翻页一闪黑一闪黑的，然后着急找客服，客服表示正常，系统有更新，保持联网，20小时后需要手动重启~~但是一会，后台就给我重置系统，自动重启了。然而翻页还是视频里的黑色。最后我才发现，是我把“页面刷新”的关闭和开启搞反了[doge]。。。关闭后是正常的，只稍微一点点翻页时候字体消失的感觉~~我终于可以看书啦！！！开心
微笑+1,1.0,不太满意,2018年8月3日,四年前的KINDLE无数次掉在地上之后，终于罢工了，怎么也开不了机。打电话向客服求助，说我的是老款已经停产，现在的经典款功能与之差不多。经典款入手后，立马感觉到明显的差别。我以前是智能自动调光的，现在要手动，感觉太鸡肋了。真后悔入手这款，真是食之无味，弃之可惜。哎……
李斌,1.0,缝隙巨大,2017年10月17日,本子屏幕下面的缝隙有多大，我算是领略到了，看到那个缝隙我真是想把自己的脑袋塞进去。买之前期望或许是别人运气不好，原来这根本不是运气不好! 看到缝隙这么大，就联系客服再换一台，没想到收到另一台新的缝隙还是那么大！！！！简直不能忍！！！！退货也拖拖拉拉的半天没人联系，简直差劲
布布鱼,4.0,不错,2016年10月17日,之前有KPW1代，新KPW 300dpi的屏幕相较原先的版本清晰很多，对比看就像铅印书和激光照排书的区别。新的KPW背光比较暖，看起来更舒服，但背光到均匀度不如老KPW，屏幕边缘又些偏冷，不知道是个例还是普遍现象。
一块小橡皮,3.0,完美主义者慎选,2015年8月18日,感觉Kindle小问题还是挺多，比如说我拿到的这台，有几个小黑点，有点阴阳屏，还有点歪屏，但都不严重。比较不能忍的是做工，左侧边包得很好，接缝线也很齐，右侧边没有包住，留下好大一条缝，而且参差不齐，很容易进灰。网上查了下，大家拿到的多多少少都有这样那样的问题，换了也是一样，于是也懒得退换了，将就用吧。感觉跟苹果的品控还是差距比较大。完美主义和强迫症患者慎重再慎重。
goodbye Westlife,1.0,特别警惕：千万不要相信，所谓买kindle送读书劵！！！,2018年6月21日,"信赖官网，才在这边买的，当时买的时候搞活动，说的是买kindle送读书劵。本来是准备买的，因为是刚需。买后还特别咨询了客服人员，这边的说辞是到货一周后会自动到账。但是买了差不多两个星期，根本没有读书劵，还是自己充的钱，买商城的电子书。后来再次咨询客服人员，说的劵给了，我自己用了,特么我自己账户上充的钱，我怎么用。官方给的解释是我买一本书的时候，用的 ，我用毛线了，这边直接把概念偷换了......本来是kindle的死忠粉，现在完全转黑。不送劵就不送，还是说什么送50元的读书劵，之后偷换概念，账户根本没有50元读书劵！！！！！完全属于欺诈行为！！！大家要小心，喜欢kindle的换个平台买，不要在这边！！！太扯淡了。。。。"
欣欣向荣,1.0,快递太慢！,2018年9月7日,快递太慢！快递太慢！快递太慢！等个kindle要这么久的嘛，毕竟商品也这么多钱，能不能发个稍微快点的快递？？3号早晨下的单，快晚上了才发货，之后写着6号到，之后7号也没到？？心已凉。。。每天打开实时关注快递情况，真的很失望，5号下午就到北京了，发到三环要这么久？早知道去淘宝买了，顺丰直邮。。。现在对产品也没有那么大的期望了，哎，希望改进吧。。。
海霞,1.0,太糟心了！,2018年5月13日,没有发信息，没有打电话，快递放到自提柜。好歹也是2000多块钱的东西，如果不是自己下载的软件，就只能在自提柜呆一辈子了？再说包装太烂了，纸箱子破损的太严重，商品就差一点掉出来了，勉勉强强送给朋友了，这次购物太糟心了！
罗炜,1.0,死机,2017年11月20日,几天不用 就开不了机了第一次重启开机了第二次重启都开不了机了 用的很难受说是续航很久 结果就是坑
飞鹰,1.0,售后极其差,2018年3月1日,说好的优惠券不给，经过催促后返还了，但有效期只有一天，谁给你们的权力?你一天能买几千块的电子书啊？👎👎👎👎👎👎
ELAINE,1.0,缺货情况下欺瞒消费者,2018年10月5日,买的bundle 但是保护壳迟迟收不到家商家也没有明确说明 国庆节后一周都没有消息 官网直接显示不确定 亚马逊物流以前都挺快 这次感觉挺坑的 还是天猫京东来的比较有好一些 购物体验太差
winnie,3.0,想说爱你不容易,2018年2月11日,折腾了好半天，谈谈优缺点。优点小巧，书包里随身携带方便，看书确实眼睛舒服。有wifi功能，联网下载很方便，回来就自动升级。缺点，界面不够人性化，特别是在看书过程中翻页功能实在烂，新机器里没有任何图书，需要自己去联网到书库里花钱买。免费想看的书很少。曾经在几年前用过国产汉王，机器里自带书库，不愿意看了再去下载新的。这个机器就像是挖了个无底洞，书库里的价格都不便宜。
王娅如,1.0,阅读器整体还可以，就是958以上的会相对费电，没有官网说的待机时间很长！,2018年4月23日,有屏幕灯的相对要费电这是肯定的，拿到后当天拆开，有百分之六十左右的电，用了两天，基本就没了，没有官方描述的那么好，我中间是把WiFi关闭，屏幕亮度控制在9，光线充足的时候会把屏幕亮度调到0！！
李飘,1.0,活动送券迟迟未到账,2018年2月8日,上月底看着有送电子书券的活动，赶在活动结束前下了单，30号签收的，活动页面写的是签收5日内下发电子书券，然而到现在并没有见到，客服电话打了若干，说是能看到有参加活动，但仍然没有见到所谓的书券。送个券有这么困难么！
香槟乌龙,1.0,体验极差,2018年8月16日,首先是买回来后无法联网，好不容易摸索出来后，买了几本书，居然完全无法下载，主页上没有手机版APP却有。后来尝试注销账号，花了整晚时间居然都注销不了天啊我买的到底是什么东西！
草儿,5.0,东西不错， 但50元电子券在哪里？,2017年12月20日,东西不错，尤其是生字注音，孩子刚上二年级，很多字不认识，为了引起孩子阅读兴趣，买了这个版本，昨晚半夜孩子想起床看，因为充电没看成。早上看了一个小时，非常喜欢。 P：没有看到任何与电子券有关的东西。
Kris,4.0,看书神器,2017年8月16日,# 屏幕效果很爽；# 适合各种阅读场景，单手使用很舒适；# 配合邮箱推送，微信推送等功能，收集阅读材料很方便；# 记笔记，记单词，云端同步# 可以压泡面😂-----# 刷新率和响应速度是个很妨碍用户体验的问题，这都第几代了？
黄金虎,1.0,快递服务极差！,2018年10月15日,在亚马逊最不满意的一次购物，快递服务真的太差了，因为当天有事，并且想亲手拿到商品，再三打电话给快递员不接，打给广东如风达客服，说帮我问，也没有下文！晚上回来，收到条短信，说给我丢在门卫了！门卫！我买的价值一千多的产品，你就给我发条短信说丢到门卫了？丢了谁负责？？这样的物流服务真的是非常不爽了，以后将会考虑要不要再在亚马逊上购物！
liarsong,5.0,想不通为什么我能忍到现在才买它！！,2018年5月19日,为了看原版英文小说买的，纸质本太贵了，便宜的也要七八十。不得不说kindle真的很好用，屏幕看着舒服眼睛不酸涩。买的时候看评论其实很忐忑，毕竟好多说收到次品的，好在我的用了两天没有什么问题，闪屏这个意外的并不是很频繁？哈哈 还有说背屏漏光和下方有黑色阴影这个我觉得还好诶……可能我真的太容易满足了……续航也可以，书籍导入方便，总之就是各种满意啊啊啊！！一本小说两天断断续续看了一大半了。选择官网买冲着Kindle售后去的，室友早早买的是入门款，说他家售后超级贴心。恩，总之为kindle打万年call！！！
星矢日生,1.0,这款kindlepaper 很垃圾，相当垃圾，质量差，屏幕漏光严重，卡顿，售后差,2018年10月24日,这款kindlepaper 很垃圾，相当垃圾，质量差，屏幕漏光严重，卡顿，售后差，屏幕漏光很严重，还动不动死机卡顿，跟售后说，居然说垃圾屏幕是正常的，一块块光斑也是正常的，真是醉了，只有最差没有更差，亚马逊看样子要在中国开到头了，一点不注重用户体验和感受，我交涉了很久才勉强同意给我换货还是维修机器，用我的全新机换维修机，小屁民一个实在没办法，也没法忍受严重漏光的屏幕，大家以后千万不要在亚马逊买东西了，抵制美国货！！！
何育培,1.0,差评，差评，差评,2018年5月29日,差评，第一次买亚马逊阅读器说赠送书券，3月份买的，书券4月份就不能用。等于一分钱都没用过就没了。不想送书券的就不要搞优惠促销，没下次，现在看到亚马逊阅读器都想扔了它！第一次这么气人的网购，阅读器还闪屏，翻一页就闪一次！
亚马逊买家,1.0,对kindle的评价,2017年2月6日,我很怀疑是不是买到了假货或者次品，新的kindle居然满屏幕都是黑色的小噪点，如果不是怕麻烦，真的要求退货重新发。
Amazon Customer,4.0,使用感受,2016年5月30日,外观：没有很让读者分心的设计，很好，可以全心投入阅读之中。性能：感觉比无背光版本性能要好，刷新里残留更少，有背光后看书更方便了。不足之处：重量，虽然已经很轻了，和ipad比更是轻了不少，但拿手里看时间长了，还是有重量感。
HGJ808,1.0,会员日期间购买不送皮套和电子券，就差一天,2018年7月17日,在会员日期间购买，只差了一天就送皮套和88元券，这也太不公平了吧，而且自营商品的20元券也不能使用。为了买这个东西，还冲了会员，结果也没有什么优惠，一次不开心的购物！
许普越,5.0,读书神器,2017年12月29日,一直想要来一本kindle对于我这种爱好读书的人，^_^，但也一直觉得纸质的书读起来才有读书的范，也就一直都没有购买。一来，纸质的书买的太多，家里太占位置，二来，也是烧钱的。这次买kindle纯属意外，但也在意料之中。给我的感受就是，只有参加了亚马逊的包月服务，书才可以免费借阅，但是书的资源确实不够，毕竟资源是要满足所有人的需求的，书的种类都有涵盖，但是每个种类的电子书资源比较有限，而且很多包月了之后，依旧无法满足免费借阅的功能，这点希望能够改进，其他的读书感受很不错~~~~~
亚马逊买家,5.0,kindle,2017年12月7日,一直担心闪屏严重，拿到手之后发现并没有网上说的那么恐怖。翻页转换时极轻微的延迟，在我的接受范围之类。比较不开心的是买了第二天出现的更加优惠的送书券活动。中文专业的有一个kindle非常方便，图书馆的书只要老师列出书单就没有了！不论多旧多老的书全都没有了！也是有点心塞。去实体店询问被告知voyage停产了，并且压敏翻书键对我来说没有什么用，所以选择了p3.
agamisser,1.0,太差劲,2016年1月25日,自从更换配送商后，我很少能按预定时间收到货物，不是地址不对就是无法联系推迟配送，我在亚马逊中国前前后后买了好多年的东西，同一个地址最近才出现问题？！致电客服只回复我要给催一下，对我反映的配送商无故推迟送货不予理睬，真是无语，汪我这么多年对亚马逊的支持！退货吧，以后也不会再买。
金婷,5.0,开启我的阅读之旅,2018年1月5日,我并不是个爱看书的人，在购买它之前看过很多的评论，很多人都说不爱看书的人不要寄希望于Kindle上，我认为是有道理的，但是我18年的愿望就是培养自己看书的习惯，为了我的孩子，我也要慢慢的融入到看书的群体中。但是有个疑问，送我的50元电子券去哪里查看呢？联合小小包麻麻电商平台赠送的优惠券又怎么领用呢？很是疑惑。还有我的信用卡明明可以用为什么支付时显示无效？
Kindle 客户,4.0,物流蜗牛,2017年2月26日,入手一台Kindle PW，足足等了半个月才到手，刚上手，同步了之前手机上在读的几本书，感觉不错。第一次用kindle，拆箱开机的时候还以为屏幕上有一张宣传纸，屏幕闪动才发现那就是显示出来的效果了，有点小震撼！
亚马逊买家,1.0,垃圾配送,2017年2月5日,什么垃圾配送  1月25号下的单  说是2.4号准时到达  结果今天2月5号都还没有到  这期间春节可以理解 但这都上班几天了 难道快递还没有上班么？最不能理解的就是为什么订单跟踪说的是无法联系到配送员？最最重要的就是明天我就要出国  今天晚上还没拿到货  这跟浪费了有什么区别
张晓科,1.0,质量问题,2018年5月7日, 太差劲了。设备问题还推三阻四换不了。现在只好退款了。订单是958，退款变成了八百多，什么情况？
tony,5.0,有几个小问题求解,2016年10月1日,喜欢kindle自然是没的说，已经用了几天，感觉看书阅读很方便。不过还是有几个小问题求解：1：屏幕最下方部分亮度不如其他部分，有点发暗。2.使用中反应有些慢，而且wifi经常无故掉线。3.一次充电可维持数周，真有那么耐用吗？如果一直看书的话，大概能维持多少小时？我的怎么感觉耗电比较快啊，这是什么情况。谢谢！
TL,1.0,物流垃圾,2018年3月3日,产品我不想评论，我想说快递简直是辣鸡，没素质，公司在四楼别的快递都是送货上门，他要我自己下楼去拿，而且语气极其恶劣，退货我取消了，他自己失误跑过来找我，对我冷嘲热讽，以后再也不在亚马逊买任何东西。
SuperAngela,4.0,仿真书观看体验不错，但设置操作和带图页面翻页都闪屏,2018年8月6日,本周五下单，周六到，礼盒装很高大上，小礼品基本上都没用处。裸机确实很轻，带了机套重了不少，准备等皮套用坏再直接用裸机。磨砂屏幕，水墨字迹清晰，确实跟看真书感觉很接近。但是，在设置页面里操作，首页操作，特别是看书在带图页面翻页时，都闪屏严重! ! <半小时漫画中国史>几乎每页都带图嘛，结果每次翻页都闪屏，闪得眼睛很累好吗? 也不知这是Kindle PW的死穴，还是就我这台这样。又没有在线客服入口，这样做售后很差诶!
小猫姐,5.0,新手第一天,2017年9月7日,才买，怎么直接关联注册成了亚马逊账号了？  怎么个送50元电子券，哪里呢？买的时候优惠信息不见了。。。  手生！
1981yuanyuan,1.0,不愉快的使用体验,2018年4月4日,拿到后没有立刻使用，最近刚开始使用，不知道什么原因，这款电子书经常性的出应用程序无法启动的提示，但是准备维修检查的时候就又什么毛病也没有，日常使用就又开始罢工，感觉自己被电子书欺负了
嗯哈,5.0,推荐,2015年12月30日,看到许多关于色差和黄屏的评价，犹豫了好久怕也买到质量不过关的kindle。终于下决心买了，我现在非常高兴做了这个决定，太好用了！屏幕完全不会泛黄，只是下底边由于背景灯光的原因会有点显黑边，但完全不影响看书。之所以想买这款是因为已经有了一款入门级的，由于没有背光灯总觉得特别不方便，而且屏幕总觉得很暗。这款就不一样了，看起书来眼睛特别舒服，而且也可以在kindle上买书了。建议喜欢看书的就直接入这款吧免得浪费钱！必须强调的是快递员太好了！不仅尽职，而且每次都特别贴心的提醒不要忘记取放到柜子里的东西，十分感谢他！
许三多和许三观,5.0,放下手机，拿起kindle,2016年1月7日,以前潮流小的手机，越小越好。后来潮流大的手机，越大越好。现在又开始慢慢回归小屏幕手机了。以前的手机只可以打电话发短信，后来手机无所不能，看电子书这功能就不在话下了。kindle只能用来阅读，这在不少人眼里可能会纳闷，这么个玩意花个好几百甚至上千块买来看书，值得吗？答案是，物超所值！！只能阅读，这其实是kindle最大的卖点。当今信息爆炸的时代，很容易分散精力。用手机是可以看书，看新闻，但是手机还可以干很多事情，电话短信微博微信QQ，信息一弹出来，必然影响阅读。kindle很好的解决了这个问题。简单，实用。当然，kindle远不止如此。使用体验绝对让你爱不释手！amazon给我的感觉是，非常注重用户体验！包括kindle产品。看起来很简单的一块板子，谈不上多精致，但是简而约的风格和触摸手感，确实是令人赞叹。电子书也比较丰富，文学类作品基本上都能找到。总之，这是我网购以来买到的最满意的产品！玩手机少了，读书多了。
神雕大侠,1.0,没找到发票，北京二环配货还晚了一天,2018年3月10日,评价0个星，找了半天没有发票，也没有明显的地方说哪里能补开发票，或者发票是不是稍后几天才能到。配货也没有按照指定的时间配货，还是北京二环附近，呵呵。体验很差。
Kindle 客户,5.0,阅读体验还不错,2017年11月12日,整体看起来很不错，手感也好，就是刚刚开始，触屏反应有点慢，不知道是不是一开始这样，第一用，然后阅读习惯也还是很适应，因为有时候想看目录，貌似没有手机上的kindle阅读软件方便，我还在探索中，还有一点就是怎么找到客服，然后咨询下买的时候不是说送优惠卷的，到哪里领啊？？，没看到呀~~
李欣,3.0,赠书券低劣的套路,2017年12月26日,买Kindle增 958的书券，真的是骗人的噱头。等了n天，发下了书券，结果是按一定折扣享受优惠的券，5折，8折，1折。 1折很优惠是不是，但其限定买的书，基本都是没人看的。 5折，8折的也选不出几本。 这样的平台， 却是这种低劣的套路，真让人失望。
亚马逊买家,1.0,不值，千万别买,2017年6月8日,使用后感觉在护眼方面与普通手机没有什么优势，操作界面不友好、不方便，懒得退换了，不建议购买
kiki,3.0,对亚马逊的物流非常不满意！,2018年7月30日,买来送人的，产品性能不予置评。1、我的订单亚马逊给我发的是百世快递，物流信息在亚马逊app上的展示非常不友好，很混乱，北京-山东-北京-山东；2、快递小哥给我送件的时候告诉我是破损件，放在了丰巢，我拿到以后发现，外包装盒子破烂，里面的包装盒也破了，不知道有没有经历过暴力快递，但可以肯定的是，亚马逊发货包装太不认真了！使用的是比产品大很多的快递盒，而且没有使用任何填充物！对亚马逊的物流非常不满意！
木犹如此,4.0,略有瑕疵,2015年8月3日,自０６年来就在亚马逊上买书，当年好像还叫卓越什么的，一向习惯纸质书，今天作为戒烟一周年给自己的礼物，还是入了KPW3。缺点：一、屏幕下方有个亮点，虽然懒得换了，但这种质量实在不应该；　　　　二、每次翻页还是有点闪烁，客服解释是正常情况，但还是不太习惯；　　　　三、背光还是不太均匀；　　　　四、书库的书太少了，特别是专业类的书（如法律类）优点：一、总体阅读的效果还是很惊艳，特别是在日光下；　　　　二、轻便易携；　　　　三、比手机和IPAD更让人能静下心来读书。建议：对于以前已买了纸质书的用户，对有相应电子版的应该免费赠送或以更大折扣卖给已有纸质书的用户，让kindle真正成为我们身边的图书馆
李建强,1.0,质量,2017年11月14日,昨天刚开始使用，今天就不能滑动开锁了，触屏又不起作用，到底是什么问题？我11月14日办理退货，且也受理了，怎退款这么长时间未回到
海狼,5.0,非常好,2018年11月16日,这款kindle是很好用的。买书看书都比较方便。屏幕也不错，只是我对他的使用率不高，当初以为自己会经常看他，看来还是高估自己了～电池很耐用，飞行模式很久都不下电，很棒！习惯了的话体验可以说绝对是媲美纸质书的
十七,1.0,辣鸡产品，卡的要死，不好用，,2017年10月19日,辣鸡，买了没多久，卡的要死，严重影响阅读，一点都不好用，如果你手机卡，你用的会不会难受，这Kindle 卡到每次都要锁屏重启，看书一闪一闪的。
huimingok,3.0,机子不错，但优惠券呢？,2017年12月23日,双12下的单，第二天就送到了，快递不错。机子也合我心意，看书眼睛不累。但是，说好的双12优惠购书券呢？提醒邮件说已经入了我的账号，跟客服咨询两次，离收货的13号整整10天了，完全不见优惠券，离优惠到期的31号也剩下几天了？何时能看到我的优惠券？？
James,5.0,严重推荐,2017年12月21日,这个是亚马逊的电子书里面，性价比最高的一款吧？买了这玩意后，我从亚马逊上买了好多电子书，看都看不过来了。
Bearella,4.0,总体不错，提出一点小建议,2017年10月4日,我能说什么，墨水屏不错，保护眼睛，总体不错唯独做工太不细致，我就想问，为什么我的kindle明显屏幕右偏？右边紧的一点缝隙都没有，左边缝隙宽得看到清楚。这点没做好，还有买保护套减20的那个，难道就没有配白色kindle的保护套吗？这就很奇怪了，一个套子扣上去白色kindle立即变身花色kindle，蓝色，黑色，白色，灰色。。。深蓝也不够典雅，觉得配不了白色。。。且反应有点慢，手指感应不是很方便，希望以后不要出现阴阳屏，漏光什么的吧，至少现在还挺好的。算了，学生党，只要能看书就行，希望对我们持有设备者多推出一点免费书，谢谢了
亚马逊客户,4.0,触摸屏的问题希望解答,2017年9月18日,感觉很方便，大小很合适，除了PDF需要调整，其他没什么问题。只是一开始水墨屏闪的厉害，经过客服指导好了一点，今天早上好好的，突然触摸屏幕没有反应，无奈按了四十秒重启，还好好了，所以就想着来评价一下吧，也希望客服能告诉我为什么会出现这样的情况。以免重蹈覆辙。
圆脸小超人,1.0,没见过这么差的服务,2016年2月25日,现在无法评价产品本身  因为我根本就没在约定时间收到快递！白白等到晚上八点！本来是想要送人的  现在看来也是耽误事  打了两次客服电话 我提出没人送我可以自己去取货 客服说让人给我打电话 但是配送中心没人联系我 也没有人给我打电话  我自己就那么傻傻的等着！只能说服务做得太差了 这点比京东差远了  第一次在亚马逊买东西 也是最后一次买了！！！什么叫未取得联系？？！！根本没有人跟我联系！凭什么就说联系不上不给送？！我理解太晚了快递员要休息  但是我已经提出了 我可以自己去取  已然没有回复！再也不想用亚马逊买东西了！
童童,1.0,耍无赖,2016年1月29日,好好的电子书，让亚马逊给恶心着了，买了10台kindle，页面说买就送50元优惠券，没有任何其他补充说明，结果等我买完了，告诉我一个账户只能赠送一个，而且说当时页面肯定写了，是我没看到，好意思吗，赠送写那么大，却不标注一个账号只能赠送一次，还非说客户没看到，真让你们给恶心着了，以后都不会再来买东西了
亚马逊买家,1.0,kindle连不上wifi,2017年6月11日,为什么我的kindle怎么都连不上wifi，重启好几次，wifi也拔掉重插，都不行，是kindle出问题了吗？要修吗？
Quito Lin,5.0,看书神器，绝对超值,2018年9月7日,买了一年多了，对我个人来说那绝对是物超所值的。天天带着，已经看了五六十本书了。阅读体验非常的好，眼睛不容易疲劳。Kindle的书库也是非常给力，出新书的速度还挺快的，还经常有打折，所以绝大部分的书籍都不贵（我的标准是十几元一本，或者50元以下一套的书都是可以接受的）。之前在网上也看到很多关于这个机器的评价，众说纷纭，我觉得客观的来讲，还是得取决于你爱不爱看书，本身不爱看书的话，买来肯定是鸡肋，爱看书，又不想整天背着纸质书的话，那我非常推荐买。很多书我也不觉得都得买纸质的，价钱贵不说，家里也放不下，这样一个小本本存个几千吧书应该不是问题。所以爱看书的朋友赶快下手吧。
亚马逊买家,1.0,非常不满意,2016年1月9日,真的是要给差评，说是送什么保温杯，商品购物界面根本完全没有提示要将赠品添加到购物车，我是用手机app买的，连客服自己都找不到写着要将赠品添加到购物车的提示，打了十分多钟的客服电话，最后告诉我稍后会有相关人员跟我解决，解决也没告诉我把赠品添加到购物车的链接在哪，而是直接把买保温杯的界面给我，请问，顾客自己在哪能找到？最后解决的办法是不能补发，需要我自己退货退款重新购买，呵呵呵，你们就是这样从怕麻烦的顾客里捡漏么？？
Sherry Ai,5.0,五星好评,2018年3月30日,"这是给重度书虫病患者的加重福利, 哈哈哈, 质量不错, 同步也很快, 主要是不伤眼睛, 重量合适, 适合带着走, kindle主要针对看书人群, 和ipad根本就是两种产品定位, 没有可比性.总之非常不错..."
吕刚,5.0,感受,2017年10月14日,刚换了台。之前9月27日买的，10月9号就坏了，和客服沟通换了一台(放在家里大概24小时没用，结果直接打不开了，死机了)，换了新的后我用了一个小时左右，明显感觉这次的机器和上次比反应速度快了，显示也好点，字体默认的比之前的机器小，但显示清晰。我在想机器出厂前不应该是同样的状态吗？但总之这次换的这个挺满意，希望能用时间久点，毕竟我们也不想换来换去，麻烦!
Meshir,5.0,很喜欢,2017年10月18日,因为有背光灯才买的  很喜欢  买了个保护套  每天睡前都会看  因为想避免自己看手机入睡 也想保护一下自己的眼睛吧 书库的书还算比较全  只要不是太过冷门的书应该都会有 时常还会有一些优惠书本 因为还是学生 宿舍没有那么多存储空间 买了这个纸质书本占地方就不成问题了
Amazon Customer,5.0,值得入手,2017年8月11日,之前看了各种评论心惊胆战，但是还是决定入手kindle，结果令人惊喜。已经拥有过kindle的自不必多说，之前像我没用过还在观望的伙伴们，推荐入手！包装大方，机器低调，反应灵敏度可以接受，屏幕真心让我惊艳，还记得买之前咨询用过的同学，她只来了一句：“别听他们瞎说，这个就是看书用的，一般阅读需求绝对够用。”
小北,5.0,很好用，推荐,2018年6月13日,之前用的是499，今年换了标准版，多了阅读灯，开始买时候纠结了很久，后来还是升级了下设备。总体来看，还是值得的，晚上上床休息时也可以通过自带得阅读灯来看书。体验很好，字体效果上个人觉得分买的书，有的看上去很清晰，有的实际字体显示效果跟499的差别不是很大觉得。总体满意
陈,4.0,基本满意,2017年11月14日,一直觉得kindle的闪屏会是大问题，事实证明对我还是有一点困扰的，但是对爱读书的人来说真的会爱不释手，能比较轻松地看英文书，但是我觉得浏览器就是个鸡肋，每次我连接校园在线计时wifi都会掉，一离开页面就断开了很麻烦。所以基本上就连连家里wifi和手机热点，热点还折腾了一番才连上，不过总体来说使用比较轻松，而且可以看个人文档！！！这对我来说很重要啊，我已经把好多托福资料下载里面了。稍微调整一下就很方便看而且还不伤眼睛，也不用转换格式跑去打印店，这个功能我真的超级心水的
周英毅,5.0,体验很好,2017年1月19日,一直想买一个kindle，顾及太小和性价比不高的问题犹豫了很久。这次冲动购物，拿到以后还是感觉物有所值的。屏幕很清晰，关掉背光就像看纸质书一样，只有图书馆和kindle商店等简单功能。其实这才是最大的亮点。丰富的图书资源，专用的阅读神器，排除了其它干扰。如果能出屏幕更大的就好了。
没有起名的天赋,5.0,真的是很好,2017年10月30日,作为电子书，看着很舒服，平时不用背景光，背光也可以作为白天阅读的时候调节冷暖光用，夜晚看书也很方便。浏览器可以看一些简单的网页，就是反应慢点。作为电子书，感觉功能足够了，足够了，再贵的，再多的功能都是鸡肋了
沈朝晖,4.0,问题有三：优惠券不能转送；系统界面不太友好,2018年2月12日,不太理想的一次购物体验。首先，Kindle广告提到赠送书券，其实仅是你给予折扣购买书籍，玩儿文字游戏，爱读书的人花书钱不心疼，该用就用，而不太忽悠。其次，这次我买的Kindle是送人，优惠券还不能送吗？经咨询时候“赠”书券958使用者是注册购买者，我不懂为什么不行。最后，系统页面不太友好，找内容没有习惯，这需要个人习惯，收到礼物的人提出每次翻页都黑屏有点觉得花了。O(∩_∩)O。过年了，留言就是为了让大家春节送礼或自用时关注这些问题。
张荣贵,5.0,很好，比较喜欢,2017年11月14日,"一直以为有了ipad,就不需要kindle了，真正使用了之后发现还是有很大差别的，定位不同，功能也表现的不同。挺喜欢，就是在翻页的时候时不时的闪屏，感觉有些眼花。另，打开阅读灯时有亮点，而且有好几个。"
小雨,5.0,关于558和958的选择,2017年12月31日,买之前纠结了很久，是买558还是958，最终选定了958这款，之前主要考虑背光灯的问题，其实觉得自己并没有太大需要用灯，但其实这个灯的效果很好，特别均匀，在光线稍微暗的情况下，可以进行补充，可以让眼睛更舒服，非常实用。其次就是分辨率，可能肉眼看不出来，但质感还是有区别，想要长久使用且经济允许的情况下，还是985性价比最高。
yang,2.0,想的太多，书读的太少。,2018年6月4日,kindle绝对是今年入的最能提升生活品质的好物了。质感很舒服，即使你躺着看，时间久了眼睛也不会不舒服。并没有觉得书库内容不够丰富，相反，简直让人想欢呼，不知道从哪一本读起才好。
生活,3.0,与之前购买的Paperwhite2相比，屏幕在相同亮度下不够白，比较灰暗，眼睛看起来容易累。另外送货人员态度太恶劣了！,2016年5月10日,与之前购买的Paperwhite2相比，屏幕在相同亮度下不够白，比较灰暗，眼睛看起来容易累。我一家有两本Kindle，用了两个账号购买的电子书，如何在家人间分享呢？根据使用手册找不到家庭成员分享功能，请帮助解决。
青君,3.0,体验中，没有预期那么好,2016年11月13日,背光下有个小亮点，听说这是普遍现象，懒得倒腾了，但大概不会再买第二次。阅读中会注意到这个小亮点，挺讨厌的，不过假设一个小亮点就会丧失阅读兴趣的话我想我可能也没什么兴趣可言。闪屏还在适应中，机子要比想象中小，广告有点烦。总体一般，没想象中好，但愿不会压箱底。
wzhjsuyi,5.0,东西好服务更好,2018年1月21日,东西很好很喜欢，信赖亚马逊，继续支持亚马逊，希望亚马逊带给我们更多更好的东西。特别喜欢亚马逊的服务，直接快捷便利设身处地为客户着想，省去很多扯皮环节，为客服点赞。
看呀看不完,5.0,kindle的阅读器从来不会让我失望，经典款，有夜光灯，挺好~,2018年3月23日,这一款我自己也用过，这次是买给快要上高中的弟弟的，他很喜欢。kindle的阅读器最好的一点是只能用来阅读，不像手机ipsd一样，微信、游戏、视频等等会分散注意力，看书就是看书，非常棒！
Kindle 客户,5.0,我的阅读器,2017年7月16日,"一直以来就想买一个不伤眼的阅读器。Kindle Paperwhite 基本满足了我的挑剔。注册了亚马孙阅读器，在我的Kindle,我的手机，我的Ipad,我的电脑上都可以随意的同步阅读，方便得很。Kindle 好像不能设置背景色（只能是白色），这一点应该可以改进或让使用者选择。总之，这是非常好的一款阅读器。"
lwimin,4.0,货到付款不收钱，快递还是有待提高服务水平,2017年11月5日,一直心心念念的kindle，终于到了手里，心里鸡冻的不行。虽然是二代，但已经很够满足我日常，四代买不起啊！有个小差评是我选择亚马逊购买就是看中快递有保证的，自己也选择货到付款可以验验货。谁知道一直在家等啊等，快递居然直接给我塞在箱子里，我去！我还没付款的！！而且上千的电子产品不该受到这样的待遇吧？？。后来快递一直说是自己忙忽视咯，醉了
舟阳冒泡泡,5.0,kindle,2018年5月26日,还不错，喜欢它，希望它也喜欢我。希望电子书可以多点优惠。反应有点慢，得耐心耐心耐心等待。。。。。。。。。。。。。。。。。。。。。。。。。。。。。。。。。。。。。。。。。。。。。。。。。。。。。。。。。。。。。。。。。。。。。。。。。。。。。。。。。。。。。。。。。。。。。。。。。。。。。。。。。。。。。。。。。。。。。。。。。。。。。。。。。。。。。。。。。
亚马逊买家,5.0,感谢!感动!开心!,2016年10月26日,特意来反馈，表达我的感动之情!刚拿到货没发现，用了十天偶然发现左边框有一小块粘的有点不严实，怕以后大发了就试着联系了一下客服反应问题。客服们工作负责，态度耐心，当晚就帮我联系了换货，于是第二天上午我就又收到了一个完美的Kindle!真心觉得亚马逊的服务好，重视顾客和产品质量，本来没抱多大期望，却受到了这么正式且认真地回应，真的很感动，同时觉得亚马逊真的好好!好负责!好为顾客着想!祝亚马逊越办越好!
张姗姗,3.0,商品有点质量问题换货竟然这么麻烦,2017年11月15日,我不是任何网站的托，但因为收到的kindle有一个小黑点太影响使用所以要求换货，结果客服一直跟我解释说并不是质量问题，如果换的话不保证收到的货不会有同样问题。虽然我理解电子书技术革新比较慢肯定比不上手机，但晚上回家看了一下还是觉得太影响观感。今天再跟客服打电话要求换货，对方也不干脆，不知道还要等两三天亚马逊派人来收件。就像我老公跟我说的，如果在京东买就没这么多麻烦事了。
亚马逊客户,5.0,kindle paperwhite初步认识,2017年9月9日,还不错，做了这么久的功课终于买了!闪屏、翻页并没有预想的糟糕，可以接受；携带方便，不用带书了；阅读场景不受限制，不带手机去教室可以看一上午、一下午kindle；以前还得买纸质书再看有时就不想再看了，以后应该会方便很多；就是买书麻烦；网速慢，断网太频繁，不知道是kindle原因还是学校网不好；回放查找确实不方便；还有为什么时间总是不对晚上12点了还显示下午3点多（虽然不是大问题😂），物流很快，黑色简洁耐看，让我去挖掘kindle的各项功能吧
mary,1.0,以换代修，换的是翻新二手机,2018年10月12日,1、用了一个多月，屏幕有裂痕光点，背光灯反应不灵明；2、与客服联系后得知，所谓的以换代修是更换的翻新二手机。只用了一个多月的机器出现质量问题已经够失望，再得知更换的不是新机而是曾经有问题的经过维修的二手机，简直双重打击
亚马逊买家,4.0,958,2017年6月15日,用了两个多星期。开机/更新/充电都正常。背光很好，看书很舒服。但是返回主页时的闪屏还需要适应。外壳材质不够防滑，也容易留下指纹，白色机身不知道会不会好些。并且个人觉得偏重，如果加个套子会更重吧，目前还在裸机使用。总体来说，使用还是赞的，看书专注不少。推荐。
Amazon Customer,4.0,物有所值，看书方便，但价格并不让人太满意,2017年11月17日,对于喜欢看书的朋友，是很推荐的。不用太纠结于价格，价值绝对比IPHONE啥的值多了。为什么给4星呢，是因为，中国亚马逊价格高于美国和日本，亚马逊在中国已经惨败，完全不是天猫和京东的对手，仅有的一点优势的自主开发产品，还卖的那么贵（这个贵是相对美亚日亚来说的），这势必会导致，越来越多的买家选择直接去美亚，日亚购物，我不知道亚马逊在中国还有多少存在的价值。
张雯,5.0,颜值高，没有最满意，只有更满意,2017年11月1日,最开始用大学兼职的钱买了499的那版，虽然看起来很简朴、一点都不高科技、开始的时候还不适应屏闪，但对于喜欢纸质书的我来说爱它胜过贵了它十倍的手机。新一版的paperwhite不仅颜值高了，还有了背光灯，已经适应kindle屏闪的我对它完全没有抵抗力，非常满意，反正我是想不出什么瑕疵。喜欢看纸质书的人只要能适应它的屏闪和稍微有点慢的反应，应该都会喜欢它。的
Kirihara Akaya,5.0,我的选择,2016年11月25日,作为一个爱看书的人，我觉得买这个还是很值得的，在下学生汪一只，平时会利用在公交车上或者地铁上的时间看些书，这个时候普通的纸质书籍有时候会略显笨重，而轻巧方便携带的电子书阅读器就派上用场，而且在夜晚阅读使用带阅读灯的kindle也十分方便，并且不打扰他人，这很好。
hellowgh,5.0,你是我心爱的kindle,2018年2月27日,"（评价之前，先吐槽一下亚马逊的促销活动。送的券真的不如不送，坑！！！）------------------------------------------------------友好的分割线---------------------------------------------------  我这是第一次买kindle，之前听说过，并且体验过一次，一直留在心里。对于kindle的喜爱便留下了种子。  其实蛮后悔这么晚才买kindle，原因主要有两点：  1、因为我买过不少纸质书，但是随着自己离开大学或者搬家，很多书都不得不舍弃。而且我喜欢在书上面随手做笔记，对我来说还很有意义。纸质书确实很占空间、很重，不易携带。  2、纸质书的价格确实比kindle电子书贵不少，即使我都是在活动的时候买书，已经省了不少钱。  之前我也有纸质书情节，觉得自己不会喜欢电子书。但是在我三年前在手机软件上开始看完第一本电子书《色戒》---嗯。。。当时是想当小黄书看的---之后，我就觉得电子书也挺好的。最大的好处就是方便做笔记，并且导出笔记也很方便。另外还可以随时打开来看。慢慢地，我看的电子书也多了起来，后来觉得手机软件看书对眼睛不是很友好，另外就是没有特别好的手机阅读软件。  去年年底，无意中在知乎上看到kindle，就开始准备也买一个自己的kindle。然后开始搜集很多资料，看看买哪一款好。入门版虽然价格便宜，但是清晰度略差而且不带灯，就没考虑。顶配版太贵，也没考虑。在kw和kv之间,一方面想一步到位，买个kv。又想kv比kw只是多了一点功能，但是价格差了不少。正如知乎上说的，差价可以买个kindle入门版或者不少书了。  两者的差别主要体现在：  1、 kv的阅读灯是自动调节的。  2、 kv的屏幕不是凹陷的。  3、 kv具有翻页按键。  4、 据网友手kv的屏幕清晰度更好，更白。虽然官方说明两者的ppi是一样的，这点我未考证。  最后，我还是选择了kw。因为：  1、 看书的时候基本是在固定的环境下，所以自己调节好灯光亮度就可以了。另外有网友说kv的灯是一直亮着的。  2、 虽然我喜欢不凹陷的kv屏幕，但是觉得kw的凹陷屏幕也很她的feel---现在使用过程中，有时会有一根细发粘上去---而且在价格面前，可以舍弃。  3、 翻页键我觉得物理的我可能更喜欢，触摸键在价格面前对我来说不堪一击。  现在使用kindle也有一个月了，来说说我的感受。  1、 大家都在说，不伤眼，能连续看很长时间。即使在黑暗中，调节好灯光，也不会觉得刺眼。这根kindle的内置阅读灯的工作原理有关。  2、 在kindle买电子书真的很方便，价格也比纸质书便宜。亚马逊的书的产业链确实做的很好。  3、 携带方便，容量大，使用时间超长，我随时开着灯，都可以用十天左右。这跟kindle的屏幕工作原理有关，只有在翻页刷新和开灯才费电，否则是不费电的。  4、 网友戏言：单反穷三代，kindle富一生。确实在中国，读书的成本真的是太低太低了。  5、 笔记导出PDF功能很喜欢，最后做读书笔记的时候，参照很方便。  6、 唯一的瑕疵就是大家都知道，kindle打字比较慢，这也是她的特殊屏幕所致。时间长了，稍微习惯点了。  7、刚开始打开时，因为刷新，有比较多的闪屏，当时吓坏了，以为有问题。后来使用过程中闪屏并不严重。  后面我打断在女朋友看完我的纸质书之后，把这个送给他，还是去追求kv哦，啊哈哈^_^。"
liubei137,5.0,略重，但观感不错,2017年8月29日,终于终于趁着七夕入手了心心念念许久的kindle。虽然不算贵，但主要是怕入手了成鸡肋。晚上睡前有阅读的习惯，又担心手机屏幕太伤眼睛，还是买了。希望不要成鸡肋吧。相对来说，这个对眼睛刺激应该还是非常小的，主观上可以忽略的。但就是稍微重了一点，还有就是操作不是很方便，翻页的时候屏幕恢复有点点慢吧。整体还是比较满意。
Emma,4.0,是第二个Kindle了,2018年5月16日,之前的第一个Kindle没好好利用。这个质量还可以吧，用了几天就有个地方有点模糊。总体还可以，就不换了。读书真的很方便，现在养成看了电子书的习惯，真的很不错哦。
qdy,4.0,终于入手kindle,2017年12月17日,本来以为有手机就够了，可是文献阅读量太大，不可能时时刻刻背着电脑看就想买个kindle，收到后感觉还好，本来周五就会送的可是亚马逊这边填错我电话填成隐私状态的了搞得快递小哥没办法回去找电话周六才送。PDF的格式事实证明...即便用软件改了格式也得看人品，有些PDF的文献尤其是cnki的传上去都乱码，其他方面会在用用再看
沉光_,5.0,比899元的kindle反应快,2016年3月1日,之前在京东买了899元的kindle，结果一个月后就出了这款，顿时捶足顿胸感觉很后悔。结果那款kindle用了半年，开机键坏了，就买了这款，新一代反应速度确实要快一些，其他和899元的那款没什么区别。不过寄来的时候，屏幕有一个笔尖大小的划痕，本来想和亚马逊客服交涉的，但最近比较忙，就不想管了，毕竟对实际阅读影响不大，但希望以后亚马逊寄件的时候注意一点。
亚马逊买家,5.0,物流超级快，kindle也不错,2016年12月9日,心心念想了kindle很久了，黑五的时候看到有优惠就果断下单了，收到后非常满意。中间只隔了一天便收到了，外包装很有质感，方便拆卸。kindle包装的也很好。当时想买白色的，看到有人说会有黑边，所以还是选择了经典黑色款，事实证明选对了。虽然是塑料，但是黑色的感觉很高级，手感很不错。读书时一开始很快，用了十多天以后，有轻微的闪屏现象，不过还不妨碍。一直坚持阅读，没有眼睛不适的情况。自重很轻，很适合外出时携带。自带的字典对于喜欢看外文书的人来说太方便了，随时查词典，还有生词本功能，适合外语学习者。虽然喜欢纸质书的感觉，但是相比较方便而言，还是kindle更好。有了kindle，玩手机的时间比以前少了，读书的时间多了。强烈推荐大家~
Sue.cc,3.0,用户体验待优化,2017年10月14日,买好用了几天，有天忽然发现面板有稍微不平整的地方。左边那条上部分凹陷一点，下部分拱起；仔细一看左边面板与背板连接缝隙比右边严丝合缝的对接，差得不是一点点。组装有问题，越看越觉得强迫症要发作。最重要的是标注的使用很费劲，迟钝而呆板，貌似几个版本的Kindle都是这个德行。看书要紧，两个都忍了。希望新版能有较突出的优化吧。
亚马逊买家,5.0,nice，用的很不错，确实可以媲美书本阅读。,2017年5月23日,nice，用的很不错，确实可以媲美书本阅读。不过用惯了手机等滑动操作突然换成这个的还是有点不适应的。想要流畅操作的用户注意这一点哦，单纯阅读的话是一定够的
焰衍,4.0,整体不错,2016年8月22日,挺好，买的时候直接注册了。背景灯全开时确实有点阴阳屏的样子，不过一般也不会全开，所以基本没什么影响╮(╯▽╰)╭，触屏灵敏度好很多，跟之前买的kindle5相比略厚。其他都很好，就是买电子书需要在电脑上付款这点很不方便（能手机下单也OK啊）。然后就是包装的问题，可能是现在快递管理上来了，到手时只有一个带缓冲垫的纸袋，还好东西没有磕碰，纸盒也没有损坏的地方。但是看着挺不放心的_(:з」∠)_
梅子,5.0,KPW,2015年9月17日,话讲，只是因为在《文献检索》这课上老师推荐，真心只想买一个看书的硬件，毕竟还是不想戴眼镜遮住漂亮的眼睛的（忽视我的自恋）。然后，选了不会后悔的一款。其中，目前为止未有不喜欢的事件发生，所以喜欢的总结如下：1）捧着看书居然能有ipad的感觉；2）看起书来也终于像模像样了；3）终于摆脱手机的吸引；4）即使是网络小说，也可以看的很投入很有感觉；5）书啊，我总算不用将背包塞满了，减轻负重，特别喜欢；6）不伤眼，我一般晚上从10点看到12点，居然在对着一天的电脑后，再看2个小时，居然不觉得眼睛涩痛，所以，特别喜欢；7）推送好好用，一个邮件发过去，就能将我以前有的资源推送过去了；8）买书好方便，找书也方便。总之，好喜欢。
亚马逊客户,3.0,性价比一般,2016年9月12日,电池没有描述的那么耐用，能用一周就差不多了；操作起来比较慢，如果是纯粹看看下载好的书影响倒也不大；选词功能有的时候反应很慢，如果有发音功能就好了，可惜没有；背光灯的确刺眼，但是作为补光用还是很方便的，只要有灯就不可能不刺眼吧；下载书籍方面，机子才到不久的时候，下载挺迅速的，用了一段时间，大概半个月以后，下载就没那么快了；看书选词的时候没有复制功能，也不能很方便地在网络查上查词；机子的一些功能和按钮和说明书上的不符合，说明书上有提及的按钮，机子上并没有，也没作出特别说明；总而言之，体验不佳，但沉下心来阅读，不再纠结机子性能以后，还是爱不释手。今后会体验其他品牌的阅读器，希望kindle不断改进！
Mustang Ctrl,3.0,想当韭菜(或收藏)就买这个，买这个不如买8G,2018年10月18日,本来是很喜欢的。但买了半个月后，出了8G版。8G版除了内存优势，还有其他优势吧，比如重量和其他(或许硬件会支持新功能？)。8G版只要998，比4G只需多花40元。而且现在活动还减40元，也就是说，同样958，你就能买到8G。可惜我过了退货日期，问过客服，客服给的回答也是否定，建议我转让。价格摆在那，我怎么转让？所以我不太开心，觉得这波购入操作非常窒息，觉得被割了韭菜。特意回来评论一波。
eisenhower,4.0,保护眼睛,2018年3月25日,用了段时间再来评论，看书还是墨水屏好，比液晶屏更护眼；刷新相对液晶屏确实有点慢，不过还是可以接受的；传说的屏幕底部透光现象确实有，不过不算明显；软件用下来发现多次翻页有跳页现象，有时候甚至会反方向跳页，不知道是和PDF转换过来的格式有关还是触屏上有静电造成的，现象都是单按左侧右侧翻页时发生的，滑动翻书时没发现该现象；一些软件功能还比较实用的，包括书签、标注、笔记和拼音、翻译等功能；最后，发邮件自动转换PDF格式书籍功能确实不错，省得到处找工具转换格式了，当前邮箱自动转换最高支持到50M的文档，不知道以后会不会增加，转换后的书籍目前看来兼容还不错。
淹死的鱼,5.0,东西不错，但是一定要注意，不修只换，7折换新。我的前面的用了3年坏了。,2017年2月9日,个人感觉电纸书里是最好的，我用了3个了，1个国产的。看技术书不太好，看扫描版pdf不太好，黑白。不过电纸书都是这样的。技术类书需要来回翻，不知纸版书方便，扫描版pdf，屏小了，最好10寸左右的屏（用ipad 9.7寸以上屏不错）。
朱斌斌,1.0,浪费时间,2018年9月15日,买的kindle，结果发了两本书，反复折腾了一个星期，结果让我退款后再购买，当时是优惠买的东西，活活浪费了我那么多的时间，现在告诉我又要原价重新购买
liujl9937,3.0,Kindle Paperwhite坏了，不能充电了，不知道该如何处理？,2016年8月30日,我是2015年10份买的Kindle Paperwhite，今天突然发现不能阅读了，估计可能是没电了，后来充电，发现充不进电了，不知道这种情况该如何处理，听说保质期是1年，现在还能换货吗？也不知道该如何换？
clq,5.0,比入门版好不少,2018年7月9日,比入门版好不少，不过个人不需要阅读灯，只是入门版电池太小，最后还是买了这个！另外重量上比入门版中，单手拿久了有些累；字体显示也比入门版清晰！
北北,4.0,Kindle,2018年5月10日,挺好的，但是要说阅读效果跟书本一样，那还是有差距的。不过比起手机确实好多了，也方便。就是觉得老是有些闪屏。都说是正常现象。看到大家说看亚马逊的书会比拷贝进去的书观看舒适度更强一些，试了一下。确实是这样。字体大小，清晰度，触屏闪烁啥的都要好很多。
小金桔,4.0,点赞墨水屏和阅读灯,2018年8月7日,用了两天才来评价，墨水屏体验真的超棒，看书不累眼睛，阅读灯也很实用。很小巧轻盈，出门带着，看书很方便。看书就得慢下来沉下心来，之前也了解过，所以反应慢这一点也能接受。购买电子书的话，支付可以微信和支付宝，所以也算方便。不过做工确实算不上精致，加上又很轻，刚收到的时候一度以为是个小孩子的玩具。而且阅读灯下边缘确实是有点暗影，不过不影响读书。闪屏会在有图画啊表格啊这些因素时出现，读书的时候几乎没有，目前来看。只有数据线，没有充电头。以上😂
june,5.0,大爱,2017年12月14日,一直种草故宫新年限量套装 双12果断拔草 中间出点小问题 客户人员非常有效率的帮助解决了 感觉到亚马逊的真诚 pw3真心好用 故宫的保护壳和日历也很喜欢 现在已经爱不释手了 要把手机扔开 多多读书喽
桐木,5.0,再遇kindle,2018年9月4日,記得初次遇到kindle時還在上學，從同窗那得知有此款閱讀利器。大致時隔6年，再次收到了kindle的推送，草草了解過相關的介紹，便下單購買了。配送速度還不錯，收到後比想象中略重些，可能是由於是全系列中最重的一款的緣故罷。指尖觸碰時的感覺還不錯，有前人提到很像紙質書的觸感，我並不苟同，其觸感還是介於紙張與電子屏指尖的一種特殊的觸感，很微妙也很舒適。當天晚上簡單學習了相關的使用方法，目前大致了解了一些基礎的操作流程吧，以後有空還會進一步開發更多用法的。
亚马逊买家,4.0,东西还不错！,2016年11月14日,用起来挺好的，空闲的时间可以静下来看看书了，体积也比较小，揣大衣兜里很方便，有望把碎片时间从浅阅读的恶习里拯救出来。不足的地方，买回来背光灯打开到最大，发现有一个亮点，想想也不影响阅读，算了。还有就是有的时候反应有点慢，毕竟不是当平板用，所以也无所谓。另外说好的50元电子书券呢...怎么没收到啊...
xiaoxiao,5.0,非常适合阅读,2018年1月26日,就是习惯了总玩手机，感觉速度有点慢，哈哈，终于可以好好静下心看书，特别方便，随身携带，对我来说看手机时间明显减少，对书的热爱从未减弱，这个既不用整理书柜，还节省很多空间，一般的书两天就能看完，才感觉生活中有那么多多余的时间，特别值得拥有，希望有更多景点书籍免费版
onism,5.0,挺好的，真的,2018年9月4日,用了几天，只是后悔没有早点买，携带比实体书要轻便很多，随时随地可以看，看到一些生僻字也不用查字典，因为会在晚上看，所以买了985这款的，在晚上开阅读灯不会很刺眼，眼睛也不累，水墨屏确实很赞，评论里说的闪屏表示还是能接受的，只要你把注意力都用在文字上，哪来的精力去注意这些小细节，没遇到卡顿的现象，点击反应慢的问题，是慢那么0.1秒，但我觉得也可以接受，反正也不缺这么0.1秒，屏保真的很符合我的审美，喜欢，只是不反光……嗯……我不能苟同，其他目前还没发现什么问题
费春潮,5.0,一部分读书的好的解决方案，质量不错,2015年11月15日,之前有犹豫，因为总觉得纸质书才是阅读，但买了之后觉得很值，可以针对没有必要一定买的书，或只值得读一遍的书，是个好的解决方案，我估计以后会阅读电子书，如果觉得还不错，值得多读和收藏，就再买纸本书。另外，kindle的做工和质量我觉得很好啊，并没有一些评论里的问题。很满意。原装保护套虽有点小贵，但质量很好。
太慢！！！,3.0,太慢太慢太慢太慢,2018年11月20日,操作反应太慢太慢太慢太慢………………………………翻页慢，选词标记慢，输入法只有最原始最难写的输入法，点一个字母要等5秒钟才反应出来。总之，所有所有所有所有的操作，都很慢！！！！！！我不知道，其他版本是不是也是这么慢。我不 知道其他机子是不是也是这么慢。还是只是我买到的这个版本，这个机子慢？总之，像个行动不便的老人那么慢。像树赖先生的动作这么慢。所有的操作，都有延迟！！！！我不知道，为什么 拿这样一个超级慢的产品出来卖？？？？？？是为了宣传自己的技术不行吗？？？代言自己的产品不好吗？？？？？？？
韩超,5.0,kindle paperwhite 初步体验,2017年2月26日,之前买了一个入门版 kindle，用了几天，翻页快，质量挺好，但是ppi太底，感觉字体发虚，难以接受，就退了买了这个 paperwhite。paperwhite 背光最低时屏幕比入门版 kindle 略黄，也存在大家说背光不均匀、不能彻底关闭背光的小问题，但是瑕不掩瑜， 翻页感觉更快，ppi 高看起来就是舒服。
七月,4.0,我想知道大礼包在哪儿 怎么用,2018年1月21日,刚拿到  小巧便捷 反应是没有手机快的  很喜欢这个画质啊  跟实体书没差的  呃 还没有玩溜 看了一下 好像里面的书下载的话是都要钱的  然后  958电子书大礼包在哪儿找  是可以直接用这个买书吗还是怎么样[表示有点懵]  还有就是 书要是没有买下来是不能做标注和笔记吗？  我的木有反应
johngu,5.0,绝对的好产品！！,2017年9月9日,旧的kindle该退役了，新买的kindle感觉不错，比原来的产品更加精细化了，用起来很好，尤其阅读灯晚上看书最方便，好东西，看书的最佳选择，填充你的业余时光，带你畅游书的世界，值得推荐购买。
亚马逊客户,5.0,用了一段时间再来写评价,2018年2月8日,开始订了一个白色的KP3，但发现白色边框在晚上有点晃眼，感谢亚马逊的15天无理由退货，重新订了一个黑色的，视觉感受更舒服。阅读体现很好，之前纠结于是购买基础款还是KP3，为了个阅读灯就要多付出400元，感觉太不值。但使用后觉得有灯还是方便很多的，半夜失眠时可以随时阅读，不用亮灯影响别人。阅读的书可以从网上百度下载，以邮件方式发到kindle，很方便。缺点就是跟手机相比，反应速度确实太慢，文档的管理分类操作要逐份文件点选，习惯了手机操作系统的话，头两天使用会觉得比较抓狂，习惯了后还能忍受吧。
ZHxn,4.0,总体满意,2017年12月2日,考虑了很久才买的，整体还是很满意的。屏幕底部确实是有黑影的，但是事前知道也就可以接受了，周围光线比较好的时候可以把阅读灯调暗些，黑影就看不出咯。另外在切换页面时会闪好几下(照片里黑底白字那张就是闪的过程，黑白黑白的闪)，这点比较让人难受，当然在阅读下载下来的书时并没有这种情况，所以也是能忍的，毕竟主要是用来看书的。
abc,5.0,不错,2018年8月29日,很好很好，以前从不去评价，不知道浪费了多少积分，现在知道积分可以换钱，就要好好评价了，后来我就把这段话复制走了，既能赚积分，还省事，走到哪复制到哪，最重要的是，不用认真的评论了，不用想还差多少字，直接发出就可以了，推荐给大家！
许彩玲,4.0,不想要黑色的，退回去了,2017年11月26日,首先很感谢KINDLE的服务，我买了一个套餐，记得当时选的是白色的，等了很久的快递，期盼的终于来了，结果是黑色的，客服同意给调换白色，我以为要我发回去他再给我发白色的，我犹豫很久，因为期盼了很久想立即使用，结果等了几天他们把白色的发过来了，很感谢他们团队的服务。
展禽之后,5.0,还好，还好。,2015年12月7日,还好了，kindle这个设备本身给我的惊喜一般，主要是它带来的另一种生活、阅读方式。原来看书还可以这么看，带来的改变是我真正感觉欣喜的地方。正好上班有空再电脑版kindle上看一些工作相关的书很方便。不过很多功能我还没研究，等细细研究下。电脑版的kindle功能太简陋，还得等待后续开发。
小奶奶,5.0,需要保护套,2018年3月10日,一直是数码用品‘裸奔’族，所以买Kindle也习惯性没买保护套和膜，结果放在手袋里带出去一天，屏幕就划了。感觉屏幕比较脆，手袋里都没放钥匙硬币之类的东西，最硬的也就一个塑料瓶。另外打开背灯会有几处特别亮的细小光点，屏幕算有点瑕疵，倒是不影响阅读。看书效果非常好，还是给个五星啦。
Nina,3.0,生词本功能太弱啦,2016年1月5日,同事前段时间也入手一台paperwhite，后来退货，原因：查了两三百个单词之后，生词本功能瘫痪。我购入paperwhite后，果然，查了两百多个单词之后，生词本基本不能用了，点了单词之后半天没有反应，没办法我只好自备电子词典。
sundae,5.0,好,2017年6月13日,正规途径的kindle都是这个958的价格，送50元电子书的券，为了买个放心，还在亚马逊买了。
Carmen,2.0,快递！差评！,2018年3月13日,辣鸡快递，显示的周天送到现在还没人给送连个配送员电话都没有，东西也不知着落客服和快递公司推来推去，我想说没有金刚钻就别揽瓷器活，第一次在亚马逊买东西体验简直不要太好呵呵呵
Elaine,5.0,总体还不错,2018年9月21日,纠结了很久型号，又纠结了很久是否买原厂真皮保护壳，趁着新人红包还是都买了，总结以下：1.闪屏确实很烦，有图片就没点一下整页就刷一次，好在看书还好，不怎么闪屏；2.保护壳很重，感觉跟机子重量差不多，且套上去就不容易取下来。不过考虑机子脆弱，还是用了，自我安慰：拿着有书本的厚实感，且真皮的手感还可以3.kindle阅读器的功能确实单一，就是看书，且是黑白的，不过很容易让人沉浸到书本里去，且护眼。不像手机，一拿起来就不知道思维跑哪去了，啥都玩，不好聚焦。
makibaalice,4.0,好,2018年3月18日,做工蛮好的，就是刷新时闪屏不大习惯，还有标记不是最灵活。现在的实体书质量越来越...所以除了特别喜欢的或者质量好的，还是买电子书吧，也节约空间。
z,5.0,电纸书目前用得不错了，亚马逊快递员服务有待改进,2018年6月24日,这次真是一个心塞的体验，实话说，并不是亚马逊产品本身，而是这个送快递的小哥，服务态度真让人心塞，首先去取快递的时候我还没解释，他就满嘴抱怨，连解释的机会的不给，实在无语，其次他说我不尊重快递员，不接电话，态度不好…我想问手机不在身边，当拿起手机时赶不上最后一通电话，我还不到一分钟就立即回拨电话给他，手头忙，一时走不开，叫他先等10分钟，就去拿，毕竟是上千元的物品，他回复我，他不等了，就放门卫，我对他说，不能等一下吗，万一物品破损我没当场验收，我不收货。他就在马不停蹄的问要多久，要多久。我回复尽快，10分钟以内。他还再不停的抱怨。小哥，你这样通话抱怨时间都足够我整理好手头的东西下楼领物品了。更奇葩的是我一到，第一句我就说不尊重他，电话要他等10几分钟，我想说，我敢肯定电话里我只要他等10分钟以内，下去领物品，整个流程时间都不到10分钟，哪来的10几分钟，我有留意手机。他后面一堆抱怨，连解释的机会都不给人，不就是要你等一下，又不是很久，毕竟是贵重物品，又没大声恐吓你，又没骂你，小哥你就一堆怨言，连给别人说话的时间都没有，最后最后，我就直接不说话走人了。。。消费者从拍下商品到领到商品的这一个过程，任何一环节做不到位，都会影响消费者对商家体验和印象。对于经常网购的我而言，这次的体验又一次加深隔阂，不是冲着亚马逊自家的产品，假货少，才购买的，何必受这快递小哥的气…那么多网店，不是只有亚马逊一家…如今这时代服务跟不去好，管理不到位，会慢慢流失客源的…话虽不好听，还是老话，良药苦口，但愿亚马逊在这方面能有改进…对于经常购物不评价的我而言，居然打那么字，只能说气过头了…
加菲熊,5.0,越来越喜欢,2017年7月18日,老实说，第一台买的时候还不是很满意。但是用过一段时间后，对其最重要功能----读书的功能还是很满意的，现在每天睡前都读
ZHOU,4.0,看书足够,2016年6月14日,"499用了几天换的这款，有背光要方便许多，光线稍暗一点499那个就没法看，联wifi很快，同步个书啥的还行，要是用自代浏览器上网那就算了，字太小还无法设置，虽然可以用手指开合来放大缩小，还是很不方便，翻页闪屏有一点，看几天就习惯了，现在只是通过电脑连接传书，或在亚马逊买电子书，挺方便，最好是支持的格式，txt传过去，时不时缺字少句，来回翻几下又有了，关于待机，这次充满电算起来看了一共看了有13,4个小时，还有点电。提点意见，机器背面容易粘手指印，边框能否窄点，都比7寸平板宽了。"
筱筱,4.0,不错，挺棒的,2016年10月10日,在跟刚发布不久的升级版基础款之间徘徊很久后决定入手这款，一拿到手就开始看，感觉真的很棒，而且有内置灯在光线较暗的地方可以调节根据经验来说还是比较好的，电池使用时间也很长，以后要多多读书了，不过免费借阅图书太少了，希望可以多增加一些，还有就是收到快件的时候感觉包装太随意了，其它的继续体验再看看
农夫,4.0,第二本了~有点小不满~美亚才119刀~~,2015年8月21日,最郁闷的是刚买kpw。九百多。。。到手的时候再微信上炫耀一下，继而 受到我老表无情的打击~~他同事在美国带回来才119刀~~~算算差200多呢，大约30%呢~~~~这可是我一个月的早餐啃面包省下了的真金白银呀~~~~再说就是泪了~不过话说回来~价格再贵~~也不应该成为你读书的障碍，毕竟，在地铁上，那些拿平板在粗鲁的搓游戏~和那些拿着kindle在优雅地看书的。你会做那一个呢？
Tenor Xiang,2.0,店大欺客，并没有收到货物 并且不处理退款推卸责任诈骗集团？？,2018年6月20日,6月10日买了kindle，快递打电话不方便送学校放在了门口水箱里，回家什么都没有，不清楚是送到了？还是货品丢失？联系亚马逊货品丢失本人并未签收，亚马逊让跟快递协商自行解决？通过不断升级反馈客服给出的答复是不清楚不确定会反馈，反馈了几天给出让消费者自行承担，在亚马逊买东西全凭运气？？亚马逊推给快递，快递推给消费者，亚马逊合作的快递公司没有义务监管处理？？？诈骗集团？？消费者拿你没有办法？？已经投诉315 ，工商表示也需要协商解决，35个工作日给答复，现在的态度是协商解决么？？你老大 谁都拿你没办法！！你老大 你美国一哥 来中国欺压消费者！！
先生,2.0,待机时间大幅度退步，操作发音慢,2018年10月1日,和kindle touch比，待机时间太短了，一个星期就出现电池叹号无法开机的情况，kindle touch一个月插上电就能使用；kpw的操作也很慢，本来以为是kindle touch的升级版，现在发现除了阅读灯基本是个降级版
弗朗克尔,5.0,用了才知道很好,2016年2月1日,看着眼睛不累不痛，有背光就是好，晚上看实在舒服。字真的跟纸书一个级别。不过用一两个月后发现机子有点卡，由其是在在线买书时有时就完全卡死在确认付款这里，每次都要重新启动，是我买的书下了太多还是系统问题词，不会是内存不够吧，还有就是wifi有链接时不时掉线或联不上，可手机能连上，除了这述两点不满意外，其它非常满意
斩影,5.0,第一次买KD,2018年4月6日,超乎意料的满意，之前买的时候周围没有人买这玩意，怕买上当，在网上查了一个星期的资料，网友说的大多数都是买了就不用了，总归一点就是自己不喜欢看书，所以新鲜感一过就把设备闲置起来。但是对我来说不存在的，我一天阅读时间是3小时起，以前都用手机看书，时间长了眼睛疼（也不是说KD看的就不疼了，只不过对比手机而言，这个对眼睛的伤害要小很多），买书的时候亚马逊还送了我50元电子书券，挺贴心的。友情提示一下刚入手的书友，一次不要放太多书哦，放几本就好。看完再下，电子书的费用要低于纸质书，为什么我要买KD，今年回老家，有5箱书抬出来晒，有两箱被虫蛀了，挺可惜的，因为常年不在家中，存书并没有得到很好的保存，所以以后会减少纸质书的购买。KD电池的使用时间应该在20小时左右，出差啊，旅途坐车什么的，足矣，没有网络也可以正常使用呢，希望我的回答可以帮到大家！
Kindle 客户,5.0,背光，绝对值得拥有。,2015年7月31日,把亮度调到最低，除了在阳光充足或日光灯直射下才能正常看。真心不知道那些推荐买499没背光的人怎么看书的，不怕眼睛瞎了吗？大家可以试试手机下载kindle阅读工具，然后把亮度调最低，阅读一段时间试试，就知道了。（有背光，绝对物有所值！！！）
喵小贱,5.0,kindle可能是我网购生涯最满意的商品,2018年9月20日,买了之后黑屏，可以充电但就是不显示，联系客服换了一个（都是换的旧的），对客服的服务真的没得说很满意。kindle也非常满意，买了一年，基本上一个月2到3本书吧，电子书确实划算，又买了unlimited包年，好书不断。另外最重要的一点，保值！！不管什么时候买，就是不掉价，这让我非常欣慰。回想一下，在京东淘宝天猫买的其他商品无论数码电子服饰果断时间都会掉价，而kindle依然坚挺。
OLAY,1.0,失望透顶！,2018年10月17日,刚买几天，就出现新一代版本，联系客服退货，客服以过七天没办法退货为理由，我这是刚超过一天，而且也是亚马逊没有提前发布新版kindle的通知才导致，客服态度很不好，还直接挂我电话，对这种服务和购买体验实在很失望！
Charles Yeung,5.0,方便实用的开启阅读体验,2017年12月14日,想买这个阅读器已经很久了，身边的朋友很多都买了，终于在双十二入手。除了有礼品外，最让我心动的还是阅读体验。曾经一度在犹豫，用这个机器看书会不会破坏看纸质书最初的感受和情怀，直到有一天看到网友评论说你没有经历过搬家搬书的苦恼就不知道Kindle有多方便，真的是这样的。方便实用的开启阅读体验咯。
亚马逊客户,5.0,一次不错的购物体验。,2015年11月18日,"刚开始纠结于kindle Paperwhite与kindle Voyage,后来入了Paperwhite.手感挺好，有背光可以有效保护视力，看书不会太累。比之前的kindle3小了很多。偶尔卡顿，但在可接受的范围内。耗电有点快，5天就没电了。可能一开始下载东西比较多的缘故吧。看小说什么的超方便。"
风惜云,5.0,远离手机游戏,2017年12月26日,种草很久了，看到有活动就入手了。作为一个手机看书党，真心觉得眼睛受累，如今有了kindle，感觉可以多看很多书了。页面切换确实不如手机流畅，但是还是可以接受的，就是有时跳页，经常要来回翻，可能是我自己下载的格式关系。整体来说，体验结果很棒。弱弱问下，电子书券多久会到呢？
变成盲的鱼,5.0,还送了保护套,2018年5月21日,刚好碰上活动，买kpw送保护套。保护套的颜色很小清新，适合夏天使用，感觉蛮好的。白色的kindle颜值很高，不过触屏反应确实没那么灵敏，有点迟缓。背光灯底部有点漏光，但是完全不影响。非常适合我这种喜欢看电子书的人。
零箩,5.0,情话说与kindle听,2018年9月8日,情话说与痴人听。没买kindle之前就在无比期待地盼望，到手了之后有一种满足发自内心流淌了全身。开始的时候爱不释手，但最近我翻开它的次数少了很多，因为种种的个人因素，但不妨碍我爱它。因为kindle染上了屯书之瘾，收集了一堆大家经典，真正读完的其实不过一二罢了，但无妨碍我爱它。kindle书店里的电子书大部分都要软妹币的，免费的种类少而无从选择，这大概就是比较难过的地方了。哭唧唧。
燕,4.0,物流快 亚马逊慢,2017年12月21日,新入手kindle，实物发货灰常灰常快，隔天就到了。问题是，承诺送的购书券就很慢很慢很慢…… 导致kindle到手，要忍住不买书，询过客服之后，开始漫长的等待… 还没到还没到
亚马逊买家,5.0,物超所值。,2017年7月20日,物超所值。很好地满足了我碎片时间阅读的需要。大小大概较iPad mini4小了一整圈，单手翻页蛮方便，好评。另外，几天用下来，感觉kindle的对比度并不像纸书那么高，光线有点暗的话不开阅读灯就有些累眼，毕竟它不是纸...所以个人认为选这款带阅读灯的是有必要的。总之还是要根据需求合理选择，希望能给其他买家一些参考吧。
鲸鱼,5.0,喜欢,2017年11月21日,嘻嘻嘻，本来想买白色的，结果没注意买了一个黑色，所以打开包装的时候有些小失望，不过经典的黑色也是不错的，所以留了下来，除了偶尔觉得反应有些迟钝，然后还是得花钱买电纸书有些麻烦以外，还是很喜欢的，携带方便，不伤眼睛，包里放一个这个又轻又薄，却等于带了很多本书。推荐啊！督促自己多看书！
fchang,5.0,好东西值得推荐,2018年2月26日,自己的kindle用了好几年了。这次买一台来送人。小朋友很满意她的生日礼物。新版的速度比我的老的速度反应要快，容量也是更大了。可是我自己的也用不坏，不然就也换一台
古少鹏,5.0,方便携带、存储量大、查找资料速度快,2018年4月24日,买的书越来越多，家里已经放不下了，Kindle正好满足了我这一要求；Kindle Paperwhite的清晰度确实比普通版的高好多，本来已经有一个普通版的了，看到别的朋友买了Kindle Paperwhite，决定再买一个看Kindle Paperwhite和看手机比，心里平静了好多，不再受不期而遇的信息骚扰，不再担心冷不丁的来一个电话，不再担心三两个小时就没电
